{
    "exMean": [
        9874757.744801512,
        9107397.693761814,
        133168.10964083177,
        147398740.36862004,
        49037503.03780718,
        11667208.107750472
    ],
    "exStd": [
        9865172.36358599,
        9375912.855215957,
        122375.96683056593,
        139492861.00222516,
        93940811.43613197,
        23662388.822827306
    ],
    "lbMean": [
        61179.72466539197,
        59604.940726577435,
        819.7227533460803
    ],
    "lbStd": [
        84578.59185388093,
        82619.58206814552,
        1051.1521738271579
    ]
}